<core:FragmentDefinition xmlns:core="sap.ui.core" xmlns="sap.m"
xmlns:f="sap.ui.layout.form" xmlns:anubhav="emc.fin.ar.cnu.controls" >

    <f:SimpleForm>

        <f:content>
            <!-- <Label text="{i18n>Name}"></Label>
            <Text text="{name}"></Text>
            <Label text="{i18n>Color}"></Label>
            <Text text="{color}"></Text>
            <Label text="{i18n>Type}"></Label>
            <Text text="{type}"></Text>
          <Label text="{i18n>Supplier}"></Label>
            <Text text="{supplierName}"></Text>
            <anubhav:ProductRating /> -->

            <Label text="{i18n>Name}"></Label>

            <Text text="{Name}"></Text>

            <Label text="{i18n>Color}"></Label>

            <Text text="{Price}"></Text>

            <Label text="{i18n>Type}"></Label>

            <Text text="{TypeCode}"></Text>

            <Label text="{i18n>Supplier}"></Label>

            <Text text="{SupplierName}"></Text>


        </f:content>

    </f:SimpleForm>

</core:FragmentDefinition>